<?xml version="1.0" encoding="UTF-8"?>
<!DOCTYPE hibernate-mapping PUBLIC
"-//hibernate/hibernate mapping dtd3.0//en"
"http://hibernate.sourceforge.net/hibernate-mapping-3.0.dtd">
<hibernate-mapping>
<class name="mypojo" table="Registration">
<id name="uname" column="uname" type="string">
<generator class ="assigned"></generator></id>
<property name="pword" type="string" column="pword" />
<property name="cnfpwd" type="string" column="cnfpwd" />
<property name="city" type="string" column="city" />
<property name="pin" type="string" column="pin" />
<property name="mob" type="string" column="mob" />
</class>
</hibernate-mapping>